"0","library(rhdf5)"
"2","Warning:"
"2"," package ‘rhdf5’ was built under R version 4.4.2
"
"0","library(Seurat)"
"2","Warning:"
"2"," package ‘Seurat’ was built under R version 4.4.3
"
"2","Loading required package: SeuratObject
"
"2","Warning:"
"2"," package ‘SeuratObject’ was built under R version 4.4.3
"
"2","Loading required package: sp
"
"2","
Attaching package: ‘SeuratObject’

"
"2","The following objects are masked from ‘package:base’:

    intersect, t

"
"0","library(ggplot2)"
"2","Warning:"
"2"," package ‘ggplot2’ was built under R version 4.4.3
"
"0","library(tidyr)"
"2","Warning:"
"2"," package ‘tidyr’ was built under R version 4.4.3
"
"0","library(Matrix)"
"2","
Attaching package: ‘Matrix’

"
"2","The following objects are masked from ‘package:tidyr’:

    expand, pack, unpack

"
"0","library(httr)"
"0","library(jsonlite)"
"0","library(dplyr)"
"2","
Attaching package: ‘dplyr’

"
"2","The following objects are masked from ‘package:stats’:

    filter, lag

"
"2","The following objects are masked from ‘package:base’:

    intersect, setdiff, setequal, union

"
"0","source(""get_variants.R"") # get_variants_data"
"0","source(""annotate_variants.R"")"
"0","source(""generate_seurat_object.R"")"
